http://raisercostin.calepin.co/scala-as-scripting-language.html,http://raisercostin.org/scala-as-scripting-language
http://raisercostin.calepin.co/wifi.html,http://raisercostin.org/wifi
http://raisercostin.calepin.co/android.html,http://raisercostin.org/android
http://raisercostin.calepin.co/startup.html,http://raisercostin.org/startup
http://raisercostin.calepin.co/tradeoffs.html,http://raisercostin.org/tradeoffs
http://blog.raisercostin.org/distributed-state.html,http://raisercostin.org/distributed-state
http://blog.raisercostin.org/scala-scripting.html,http://raisercostin.org/scala-scripting
http://blog.raisercostin.org/agileism.html,http://raisercostin.org/agileism
http://blog.raisercostin.org/intellectual-property-rights.html,http://raisercostin.org/intellectual-property-rights
http://blog.raisercostin.org/thank-you-eessi-team.html,http://raisercostin.org/thank-you-eessi-team
http://blog.raisercostin.org/ro-legi.html,http://raisercostin.org/ro-legi
http://blog.raisercostin.org/ro/legi.html,http://raisercostin.org/ro/legi
http://blog.raisercostin.org/ro/agileism.html,http://raisercostin.org/ro/agileism
http://blog.raisercostin.org/tools/blogging.html,http://raisercostin.org/tools/blogging
http://blog.raisercostin.org/test.html,http://raisercostin.org/test
http://blog.raisercostin.org/projects.html,http://raisercostin.org/projects
http://blog.raisercostin.org/subtitles.html,http://raisercostin.org/subtitles
http://blog.raisercostin.org/image-size.html,http://raisercostin.org/image-size
http://blog.raisercostin.org/best-dev-books.html,http://raisercostin.org/best-dev-books
http://blog.raisercostin.org/atheism-purpose.html,http://raisercostin.org/atheism-purpose
http://blog.raisercostin.org/working-ec-1.html,http://raisercostin.org/working-ec-1
http://blog.raisercostin.org/how-to-procrastinate-efficiently.html,http://raisercostin.org/how-to-procrastinate-efficiently
http://blog.raisercostin.org/why-travel.html,http://raisercostin.org/why-travel
http://blog.raisercostin.org/health-debugging--engineer-style.html,http://raisercostin.org/health-debugging--engineer-style
http://blog.raisercostin.org/best-childrean-games-wiki.html,http://raisercostin.org/best-childrean-games-wiki
http://blog.raisercostin.org/competence-levels.html,http://raisercostin.org/competence-levels
http://blog.raisercostin.org/best-children-games-wiki.html,http://raisercostin.org/best-children-games-wiki
http://blog.raisercostin.org/how-to-convert-sourceforge-cvs-to-github-git.html,http://raisercostin.org/how-to-convert-sourceforge-cvs-to-github-git
http://blog.raisercostin.org/tipare-viata-1-de-ce-luptam.html,http://raisercostin.org/tipare-viata-1-de-ce-luptam
http://blog.raisercostin.org/development-tools.html,http://raisercostin.org/development-tools
http://blog.raisercostin.org/scala-problems.html,http://raisercostin.org/scala-problems
http://blog.raisercostin.org/ro-roluri-tango.html,http://raisercostin.org/ro-roluri-tango
http://blog.raisercostin.org/languages.html,http://raisercostin.org/languages
http://blog.raisercostin.org/scala-actors-vs-future.html,http://raisercostin.org/scala-actors-vs-future
http://blog.raisercostin.org/post/languages,http://raisercostin.org/languages
http://blog.raisercostin.org/post/scala-actors-vs-future,http://raisercostin.org/scala-actors-vs-future
http://blog.raisercostin.org/post/ro-roluri-tango,http://raisercostin.org/ro-roluri-tango
http://blog.raisercostin.org/post/tipare-viata-1-de-ce-luptam,http://raisercostin.org/tipare-viata-1-de-ce-luptam
http://blog.raisercostin.org/post/best-children-games-wiki,http://raisercostin.org/best-children-games-wiki
http://blog.raisercostin.org/post/development-tools,http://raisercostin.org/development-tools
http://blog.raisercostin.org/post/health-debugging-engineer-style,http://raisercostin.org/health-debugging-engineer-style
http://www.raisercostin.org/post/wifi,http://raisercostin.org/wifi
http://www.raisercostin.org/post/image-organizer-autoasistant,http://raisercostin.org/image-organizer-autoasistant
http://www.raisercostin.org/post/own-your-media,http://raisercostin.org/own-your-media
http://www.raisercostin.org/post/how-to-convert-sourceforge-cvs-to-github-git,http://raisercostin.org/how-to-convert-sourceforge-cvs-to-github-git
http://www.raisercostin.org/thank-you-eessi-team,http://raisercostin.org/thank-you-eessi-team
http://www.raisercostin.org/post/android,http://raisercostin.org/android
http://www.raisercostin.org/post/projects,http://raisercostin.org/projects
http://www.raisercostin.org/post/best-dev-books,http://raisercostin.org/best-dev-books
http://www.raisercostin.org/post/124538-I36SgSbGPa,http://raisercostin.org/124538-I36SgSbGPa
http://www.raisercostin.org/thank-you-eessi-team.html,http://raisercostin.org/thank-you-eessi-team
http://raisercostin.org/pages/2013/11/06/configure-wifi.html,http://raisercostin.org/configure-wifi
http://raisercostin.org/thank-you-eessi-team.html,http://raisercostin.org/thank-you-eessi-team
